{
    "type": "minecraft:crafting_shapeless",
    "ingredients": [
        {
            "item": "minecraft:water_bucket"
        },
        {
             "item": "minecraft:lava_bucket"
        },
        {
             "item": "minecraft:lava_bucket"
        },
        {
             "item": "minecraft:lava_bucket"
        },
        {
             "item": "minecraft:lava_bucket"
        },
        {
             "item": "minecraft:lava_bucket"
        },
        {
             "item": "minecraft:lava_bucket"
        }
   ],
    "result": {
        "item": "minecraft:obsidian",
        "count":6
    }
}